first_name,last_name,siblings,favourite_food,birth_timezone,birth_timestamp
LEONEL,FERREL,1,Meatballs,-01:00,917172960000
SHANNA,HILYER,5,Meatballs,-05:00,816072160000
CARLI,NEWKIRK,5,Candy,+01:00,690794820000
HASSIE,GASTELUM,1,Salsa,+04:00,286265820000
BLAKE,MCCLOSKY,3,Banana,+06:00,948533880000
DARIUS,OSMUN,2,Lobster,-07:00,315512760000
EVAN,GAGLIARDI,5,Potato chips,+04:00,253430220000
ALLENA,BARKDOLL,1,steak,-09:00,636275140000
CANDIE,ASHLOCK,1,Popcorn,-08:00,31680060000
CARLETTA,FREIBERG,1,steak,-06:00,32623740000
